new_vm_test_flow/s,vm_test_bytes/s,new_vm_victim_flow/s,vm_victim_bytes/s
1,0,1,0
1,98,1,98
1,98,1,98
1,98,1,98
1,98,1,98
1,98,1,98
1,98,1,98
1,98,1,98
1,98,1,98
1,98,1,98
1,98,1,98
1,98,1,98
1,98,1,98
1,98,1,98
1,98,1,98
1,98,1,98
1,98,1,98
1,98,1,98
1,98,1,98
1,196,1,98
1,98,1,98
1,98,1,98
1,98,1,98
1,98,1,98
1,98,1,98
1,98,1,98
1,98,1,98
1,98,1,98
1,98,1,98
1,98,1,98
1,98,1,98
1,98,1,98
1,98,1,98
1,98,1,98
1,98,1,98
1,98,1,98
1,98,1,98
1,98,1,98
1,98,1,98
1,98,1,98
1,98,1,98
1,98,1,196
1,98,1,98
1,98,1,98
1,98,1,98
1,98,1,98
1,98,1,98
1,98,1,98
1,98,1,98
1,98,1,98
1,98,1,98
1,98,1,98
1,98,1,98
1,98,1,98
1,98,1,98
1,98,1,98
1,98,1,98
1,98,1,98
1,98,1,98
1,98,1,98
1,196,26,95972
1,98,37,2142212
1,98,39,1656230
1,98,41,1866596
1,98,42,1740968
1,98,43,1107782
1,98,43,1683374
1,98,44,1913152
1,98,44,1761152
1,98,44,1660754
1,98,44,2067740
1,98,44,1916534
1,98,47,2085836
1,196,47,1735226
1,98,47,2015192
1,98,46,1922624
1,98,46,1874948
1,98,46,1875644
1,98,46,1730354
1,98,46,1971616
1,98,45,1813004
1,98,44,2057822
1,98,43,1912358
1,98,43,2043380
1,98,43,2026154
1,98,43,2068088
1,98,45,1952030
1,98,45,1719044
1,98,45,1718696
1,196,46,1821878
1,98,45,1854416
1,98,45,1942982
1,98,46,1980566
1,98,46,1942982
1,98,44,1886258
1,98,44,1880266
1,98,43,1896176
1,98,43,1596200
1,98,42,1854416
1,98,43,1743926
1,98,44,1568708
1,98,45,1833362
1,196,44,1949768
1,98,45,1984916
1,98,44,2020934
1,98,44,1847630
1,98,44,2010320
1,98,44,2136818
1,98,44,2159786
1,98,44,2098712
1,98,43,1889314
1,98,43,1581758
1,98,43,1928018
1,98,42,2148824
1,98,43,2074874
1,98,44,2067044
1,98,43,2125508
1,196,44,2078702
1,98,44,1831448
1,98,44,2062346
1,98,44,1837364
1,98,44,844694
1,98,44,98
1,98,43,98
1,98,43,98
1,98,42,98
1,98,42,98
1,98,42,98
1,98,40,98
1,98,37,98
1,98,36,98
1,98,1,98
1,98,1,196
1,98,1,98
1,98,1,98
1,98,1,98
1,98,1,98
1,98,1,98
1,98,1,98
1,98,1,98
1,98,1,98
1,98,1,98
1,98,1,98
1,98,1,98
1,98,1,98
1,98,1,98
1,98,1,98
1,98,1,98
1,98,1,98
1,196,1,98
1,98,1,98
1,98,1,98
1,98,1,98
1,98,1,98
1,98,1,98
1,98,1,98
1,98,1,98
1,98,1,98
1,98,1,98
1,98,1,98
1,98,1,98
1,98,1,98
1,98,1,98
1,98,1,98
1,98,1,98
1,98,1,98
1,98,1,98
1,98,1,98
1,98,1,98
1,98,1,98
1,98,1,98
1,98,1,98
1,98,1,98
1,98,1,98
1,98,1,98
1,98,1,196
1,98,1,98
1,98,1,98
1,98,1,98
1,98,1,98
1,98,1,98
1,98,1,98
1,98,1,98
1,98,1,98
1,98,1,98
1,98,1,98
1,98,1,98
1,98,1,98
1,98,1,98
1,98,1,98
1,196,1,98
1,98,1,98
1,98,1,98
1,98,1,98
1,98,1,98
1,98,1,98
1,98,1,98
1,98,1,98
1,98,1,98
1,98,1,98
1,98,1,98
1,98,1,98
1,98,1,98
1,98,1,98
1,98,1,98
1,98,1,98
1,98,1,98
1,98,1,98
1,98,1,98
1,98,1,98
1,98,1,98
1,98,1,98
1,98,1,98
1,98,1,98
1,98,1,98
1,98,1,98
1,98,1,98
1,98,1,98
1,98,1,196
1,98,1,98
1,98,1,98
1,98,1,98
1,98,1,98
1,98,1,98
1,98,1,98
1,98,1,98
1,98,1,98
1,98,1,98
1,98,1,98
1,98,1,98
1,98,1,98
1,196,1,98
1,98,1,98
1,98,1,98
1,98,1,98
1,98,1,98
1,98,1,98
1,98,1,98
1,98,1,98
1,98,1,98
1,98,1,98
1,98,1,98
1,98,1,98
1,98,1,98
1,98,1,98
1,98,1,98
1,98,1,98
1,98,1,98
1,98,1,98
1,98,1,98
1,98,1,98
1,98,1,98
1,98,1,98
1,98,1,98
1,98,1,98
1,98,1,98
1,98,1,98
1,98,1,98
1,98,1,98
1,98,1,98
1,98,1,98
1,98,1,196
1,98,1,98
1,98,1,98
1,98,1,98
1,98,1,98
1,98,1,98
1,98,1,98
1,98,1,98
1,98,1,98
1,98,1,98
1,98,1,98
1,98,1,98
1,196,1,98
1,98,1,98
1,98,1,98
1,98,1,98
1,98,1,98
1,98,1,98
1,98,1,98
1,98,1,98
1,98,1,98
1,98,1,98
1,98,1,98
1,98,1,98
1,98,1,98
1,98,1,98
1,98,1,98
1,98,1,98
1,98,1,98
1,98,1,98
1,98,1,98
1,98,1,98
1,98,1,98
1,98,1,98
1,98,1,98
1,98,1,98
1,98,1,98
1,98,1,98
1,98,1,98
